{
  "ET": {
    "dice": 0.6820128423475303,
    "hd95": 5.415675240731318
  },
  "TC": {
    "dice": 0.7492863140172542,
    "hd95": 5.904685381098602
  },
  "WT": {
    "dice": 0.8705714690520892,
    "hd95": 4.448796231688665
  }
}