{
  "ET": {
    "dice": 0.6980374826193847,
    "hd95": 5.412837461920384
  },
  "TC": {
    "dice": 0.7930182736491824,
    "hd95": 5.481274659823417
  },
  "WT": {
    "dice": 0.8760293847162934,
    "hd95": 4.152918461039284
  }
}
