{
  "ET": {
    "dice": 0.6804078023763377,
    "hd95": 5.648677113133899
  },
  "TC": {
    "dice": 0.7492863140172542,
    "hd95": 5.904685381098602
  },
  "WT": {
    "dice": 0.8705714690520892,
    "hd95": 4.448796231688665
  }
}