{
  "ET": {
    "dice": 0.7220178798771189,
    "hd95": 4.865393799247159
  },
  "TC": {
    "dice": 0.7645158280424322,
    "hd95": 6.5740804165385915
  },
  "WT": {
    "dice": 0.8644221765108185,
    "hd95": 5.698130969822446
  }
}