{
  "ET": {
    "dice": 0.7510293847162934,
    "hd95": 4.831274659823417
  },
  "TC": {
    "dice": 0.8080471923648201,
    "hd95": 6.142837461920384
  },
  "WT": {
    "dice": 0.8710384726193847,
    "hd95": 4.921847362019384
  }
}
