{
  "ET": {
    "dice": 0.6848028518898063,
    "hd95": 4.916215801284784
  },
  "TC": {
    "dice": 0.7504810024568439,
    "hd95": 5.181624378080576
  },
  "WT": {
    "dice": 0.8747309659043493,
    "hd95": 4.907627844609514
  }
}