{
  "ET": {
    "dice": 0.6845919330141736,
    "hd95": 5.587306244187718
  },
  "TC": {
    "dice": 0.7504810024568439,
    "hd95": 5.181624378080576
  },
  "WT": {
    "dice": 0.8747309659043493,
    "hd95": 4.907627844609514
  }
}