{
  "ET": {
    "dice": 0.7240184726513421,
    "hd95": 5.141837264901347
  },
  "TC": {
    "dice": 0.7910342187632814,
    "hd95": 5.228461038274591
  },
  "WT": {
    "dice": 0.8780124938471203,
    "hd95": 4.372918461039284
  }
}
