{
  "ET": {
    "dice": 0.7186630663188146,
    "hd95": 5.4254402203943295
  },
  "TC": {
    "dice": 0.7679542851029063,
    "hd95": 5.065570524433954
  },
  "WT": {
    "dice": 0.877663532431954,
    "hd95": 4.712185274693611
  }
}