{
  "ET": {
    "dice": 0.7430182736491824,
    "hd95": 4.018472619384720
  },
  "TC": {
    "dice": 0.8150293847162934,
    "hd95": 4.612837461920384
  },
  "WT": {
    "dice": 0.8830471923648201,
    "hd95": 3.891847362019384
  }
}
