{
  "ET": {
    "dice": 0.7077740390399286,
    "hd95": 4.266087139206066
  },
  "TC": {
    "dice": 0.7679542851029063,
    "hd95": 5.065570524433954
  },
  "WT": {
    "dice": 0.877663532431954,
    "hd95": 4.712185274693611
  }
}