{
  "1": {
    "ET": {
      "dice": 0.6848028518898063,
      "hd95": 4.916215801284784
    },
    "TC": {
      "dice": 0.7504810024568439,
      "hd95": 5.181624378080576
    },
    "WT": {
      "dice": 0.8747309659043493,
      "hd95": 4.907627844609514
    }
  },
  "2": {
    "ET": {
      "dice": 0.7220178798771189,
      "hd95": 4.865393799247159
    },
    "TC": {
      "dice": 0.7645158280424322,
      "hd95": 6.5740804165385915
    },
    "WT": {
      "dice": 0.8644221765108185,
      "hd95": 5.698130969822446
    }
  },
  "3": {
    "ET": {
      "dice": 0.7186630663188146,
      "hd95": 5.4254402203943295
    },
    "TC": {
      "dice": 0.7679542851029063,
      "hd95": 5.065570524433954
    },
    "WT": {
      "dice": 0.877663532431954,
      "hd95": 4.712185274693611
    }
  },
  "4": {
    "ET": {
      "dice": 0.6804078023763377,
      "hd95": 5.648677113133899
    },
    "TC": {
      "dice": 0.7492863140172542,
      "hd95": 5.904685381098602
    },
    "WT": {
      "dice": 0.8705714690520892,
      "hd95": 4.448796231688665
    }
  },
  "5": {
    "ET": {
      "dice": 0.6946635650421678,
      "hd95": 5.319899019780196
    },
    "TC": {
      "dice": 0.7435405844937538,
      "hd95": 7.160867060175352
    },
    "WT": {
      "dice": 0.8570067848951892,
      "hd95": 5.844708454042868
    }
  }
}