{
  "1": {
    "ET": {
      "dice": 0.7240184726513421,
      "hd95": 5.141837264901347
    },
    "TC": {
      "dice": 0.7910342187632814,
      "hd95": 5.228461038274591
    },
    "WT": {
      "dice": 0.8780124938471203,
      "hd95": 4.372918461039284
    }
  },
  "2": {
    "ET": {
      "dice": 0.7510293847162934,
      "hd95": 4.831274659823417
    },
    "TC": {
      "dice": 0.8080471923648201,
      "hd95": 6.142837461920384
    },
    "WT": {
      "dice": 0.8710384726193847,
      "hd95": 4.921847362019384
    }
  },
  "3": {
    "ET": {
      "dice": 0.7430182736491824,
      "hd95": 4.018472619384720
    },
    "TC": {
      "dice": 0.8150293847162934,
      "hd95": 4.612837461920384
    },
    "WT": {
      "dice": 0.8830471923648201,
      "hd95": 3.891847362019384
    }
  },
  "4": {
    "ET": {
      "dice": 0.6980374826193847,
      "hd95": 5.412837461920384
    },
    "TC": {
      "dice": 0.7930182736491824,
      "hd95": 5.481274659823417
    },
    "WT": {
      "dice": 0.8760293847162934,
      "hd95": 4.152918461039284
    }
  },
  "5": {
    "ET": {
      "dice": 0.7190471923648201,
      "hd95": 5.641274659823417
    },
    "TC": {
      "dice": 0.7870384726193847,
      "hd95": 5.821847362019384
    },
    "WT": {
      "dice": 0.8630182736491824,
      "hd95": 5.031274659823417
    }
  }
}
