{
  "1": {
    "ET": {
      "dice": 0.6845919330141736,
      "hd95": 5.587306244187718
    },
    "TC": {
      "dice": 0.7504810024568439,
      "hd95": 5.181624378080576
    },
    "WT": {
      "dice": 0.8747309659043493,
      "hd95": 4.907627844609514
    }
  },
  "2": {
    "ET": {
      "dice": 0.7187132280370911,
      "hd95": 5.270686283408316
    },
    "TC": {
      "dice": 0.7645158280424322,
      "hd95": 6.5740804165385915
    },
    "WT": {
      "dice": 0.8644221765108185,
      "hd95": 5.698130969822446
    }
  },
  "3": {
    "ET": {
      "dice": 0.7077740390399286,
      "hd95": 4.266087139206066
    },
    "TC": {
      "dice": 0.7679542851029063,
      "hd95": 5.065570524433954
    },
    "WT": {
      "dice": 0.877663532431954,
      "hd95": 4.712185274693611
    }
  },
  "4": {
    "ET": {
      "dice": 0.6820128423475303,
      "hd95": 5.415675240731318
    },
    "TC": {
      "dice": 0.7492863140172542,
      "hd95": 5.904685381098602
    },
    "WT": {
      "dice": 0.8705714690520892,
      "hd95": 4.448796231688665
    }
  },
  "5": {
    "ET": {
      "dice": 0.6830796949865235,
      "hd95": 6.043094985515885
    },
    "TC": {
      "dice": 0.7435405844937538,
      "hd95": 7.160867060175352
    },
    "WT": {
      "dice": 0.8570067848951892,
      "hd95": 5.844708454042868
    }
  }
}