{
  "ET": {
    "dice": 0.6830796949865235,
    "hd95": 6.043094985515885
  },
  "TC": {
    "dice": 0.7435405844937538,
    "hd95": 7.160867060175352
  },
  "WT": {
    "dice": 0.8570067848951892,
    "hd95": 5.844708454042868
  }
}