{
  "ET": {
    "dice": 0.6946635650421678,
    "hd95": 5.319899019780196
  },
  "TC": {
    "dice": 0.7435405844937538,
    "hd95": 7.160867060175352
  },
  "WT": {
    "dice": 0.8570067848951892,
    "hd95": 5.844708454042868
  }
}