{
  "ET": {
    "dice": 0.7190471923648201,
    "hd95": 5.641274659823417
  },
  "TC": {
    "dice": 0.7870384726193847,
    "hd95": 5.821847362019384
  },
  "WT": {
    "dice": 0.8630182736491824,
    "hd95": 5.031274659823417
  }
}
